{"cameraMode":{"drawMode":0,"name":"Shaded","section":"Shading Mode"},"sceneLighting":true,"audioPlay":false,"sceneViewState":{"m_AlwaysRefresh":false,"showFog":true,"showSkybox":true,"showFlares":true,"showImageEffects":true,"showParticleSystems":true,"showVisualEffectGraphs":true,"m_FxEnabled":true},"in2DMode":false,"pivot":{"x":13.046319961547852,"y":-63.714412689208987,"z":73.86273193359375},"rotation":{"x":-0.35275086760520937,"y":-0.07760434597730637,"z":0.029422620311379434,"w":-0.9320554137229919},"size":52.697547912597659,"orthographic":false}