{"cameraMode":{"drawMode":0,"name":"Shaded","section":"Shading Mode"},"sceneLighting":false,"audioPlay":false,"sceneViewState":{"m_AlwaysRefresh":false,"showFog":true,"showSkybox":false,"showFlares":true,"showImageEffects":true,"showParticleSystems":true,"showVisualEffectGraphs":true,"m_FxEnabled":true},"in2DMode":false,"pivot":{"x":2.13478422164917,"y":0.056577734649181369,"z":-1.8176649808883668},"rotation":{"x":0.03048589825630188,"y":0.9177418351173401,"z":-0.07205017656087876,"w":0.38956794142723086},"size":3.141172409057617,"orthographic":false}